speaker,word,gender,condition,VOT,F0
S01,word_1,M,voiced,28.129829301445604,119.06174085235638
S01,word_2,M,voiceless,88.04206353478553,144.97103362832272
S01,word_3,M,voiced,30.742651558399217,148.8772249689334
S01,word_4,M,voiceless,94.10483270602005,148.73295533215145
S01,word_5,M,voiced,28.438206888997726,109.29044425712004
S01,word_6,M,voiceless,98.445584037406,160.7494104045459
S01,word_7,M,voiced,24.208369829826538,145.25309244699312
S01,word_8,M,voiceless,102.53776806330053,129.59923803792614
S01,word_9,M,voiced,27.880257936920444,140.5541166819739
S01,word_10,M,voiceless,99.59964566445215,115.42922156272205
S01,word_11,M,voiced,30.879802113419455,113.55765637661715
S01,word_12,M,voiceless,92.11824770975831,130.73575676406395
S01,word_13,M,voiced,37.63397132795769,112.0225621516333
S01,word_14,M,voiceless,99.59086254463175,132.85028497839622
S01,word_15,M,voiced,30.099658639172347,149.46558849407
S01,word_16,M,voiceless,93.33582716622652,114.49189415552874
S01,word_17,M,voiced,28.589528921962607,118.92338868680405
S01,word_18,M,voiceless,94.44038753521795,130.69845909176294
S01,word_19,M,voiced,9.010767400428374,114.73605820260842
S01,word_20,M,voiceless,98.6618786740369,124.25074060170583
S02,word_1,M,voiced,14.22295661842414,143.091331175071
S02,word_2,M,voiceless,90.6161841156194,144.54317520955175
S02,word_3,M,voiced,18.423353813806628,135.7576999754064
S02,word_4,M,voiceless,109.32018361449376,102.22666505398803
S02,word_5,M,voiced,19.388223117520504,129.19004894760752
S02,word_6,M,voiceless,103.60719856016908,145.97159821507427
S02,word_7,M,voiced,17.183395302324975,142.1979255611741
S02,word_8,M,voiceless,97.49682443263116,127.13775288843577
S02,word_9,M,voiced,21.675017309279866,89.50105287154446
S02,word_10,M,voiceless,98.32530557368908,130.91449958201676
S02,word_11,M,voiced,13.805685587075704,138.60627546225368
S02,word_12,M,voiceless,95.87128581743534,130.68705369587647
S02,word_13,M,voiced,22.211194185531408,132.36118810263812
S02,word_14,M,voiceless,85.02329891023415,136.47348059303155
S02,word_15,M,voiced,15.95536108322195,124.05175395924682
S02,word_16,M,voiceless,93.97521084286797,149.64967338627324
S02,word_17,M,voiced,17.33114889782334,137.05590099810914
S02,word_18,M,voiceless,95.63568282442631,111.35994594138099
S02,word_19,M,voiced,5.826082832144852,150.723631845783
S02,word_20,M,voiceless,85.78838553012845,148.06688405514737
S03,word_1,M,voiced,27.309682725008322,142.36110945522822
S03,word_2,M,voiceless,60.00960965521689,105.06055896721608
S03,word_3,M,voiced,22.016779317383516,121.4604048459178
S03,word_4,M,voiceless,65.96701525410573,139.53270725934289
S03,word_5,M,voiced,23.087035271176816,130.65583011366786
S03,word_6,M,voiceless,66.89473124640514,135.2201845549196
S03,word_7,M,voiced,20.53840293673116,166.89390323305622
S03,word_8,M,voiceless,56.53862055066094,117.72429513400496
S03,word_9,M,voiced,27.29244784680249,98.30199827606295
S03,word_10,M,voiceless,67.94436371308628,134.1054290864562
S03,word_11,M,voiced,29.113586341484776,119.68604738134883
S03,word_12,M,voiceless,61.595284084149704,136.690615794428
S03,word_13,M,voiced,27.88547527683902,117.81422914314103
S03,word_14,M,voiceless,72.59226798179903,163.18083220502703
S03,word_15,M,voiced,19.25048032012635,128.14441042633857
S03,word_16,M,voiceless,51.252796724657884,122.83996740954922
S03,word_17,M,voiced,15.298438719470465,127.50607762770088
S03,word_18,M,voiceless,49.06372867835193,142.93845075439646
S03,word_19,M,voiced,15.256077731148782,131.46010727804227
S03,word_20,M,voiceless,68.62416599477093,105.61574891183068
S04,word_1,M,voiced,27.681121349924794,129.93068848260313
S04,word_2,M,voiceless,79.02337135699433,141.40363251493082
S04,word_3,M,voiced,19.268588975127987,130.58486369308844
S04,word_4,M,voiceless,94.44116727249231,141.0260821242166
S04,word_5,M,voiced,26.815662378529872,127.80291059501695
S04,word_6,M,voiceless,75.5619910664225,129.13168996928076
S04,word_7,M,voiced,21.33634395398403,137.235541991568
S04,word_8,M,voiceless,69.74099733036842,144.894154551636
S04,word_9,M,voiced,25.93023983226605,111.30406752951937
S04,word_10,M,voiceless,75.04259099768824,129.49768712731586
S04,word_11,M,voiced,25.06315579602029,128.93556728125006
S04,word_12,M,voiceless,78.98838179681525,118.61619019403574
S04,word_13,M,voiced,24.960745252289342,114.48460958591271
S04,word_14,M,voiceless,70.14877178986767,120.53902069043771
S04,word_15,M,voiced,18.667644680000908,138.80211580019494
S04,word_16,M,voiceless,67.79959210938195,123.75516015724523
S04,word_17,M,voiced,19.393197573116552,118.2266828574202
S04,word_18,M,voiceless,95.07169318182136,132.45124479229145
S04,word_19,M,voiced,11.10608775516747,111.44928647335975
S04,word_20,M,voiceless,77.21570553073815,145.68810664355007
S05,word_1,M,voiced,15.531193887345408,122.73106875671937
S05,word_2,M,voiceless,58.98498534147504,132.83693217521
S05,word_3,M,voiced,22.408667416355158,130.7650949736246
S05,word_4,M,voiceless,71.76330759335492,129.99638996670336
S05,word_5,M,voiced,28.103899865422058,157.14073063664299
S05,word_6,M,voiceless,71.3749181286843,117.62008064335083
S05,word_7,M,voiced,19.199115364741225,147.18205678341977
S05,word_8,M,voiceless,54.60548455597221,130.47359781329865
S05,word_9,M,voiced,18.906910201899866,117.4719129203992
S05,word_10,M,voiceless,75.60854347597257,128.96854526475232
S05,word_11,M,voiced,26.062442686263793,141.201575305187
S05,word_12,M,voiceless,74.26388975816808,123.61721898408094
S05,word_13,M,voiced,25.531172041017168,118.41876647209814
S05,word_14,M,voiceless,83.24873459572751,132.29146160121843
S05,word_15,M,voiced,29.699898280644668,144.828952677682
S05,word_16,M,voiceless,62.164460390442805,128.89812497991738
S05,word_17,M,voiced,19.602954672706797,109.19460169660387
S05,word_18,M,voiceless,83.15166099973747,110.39986143436956
S05,word_19,M,voiced,13.304068666740894,118.47407012383093
S05,word_20,M,voiceless,75.78100851607421,122.09337811938313
S06,word_1,F,voiced,18.098907928267312,129.67859402437563
S06,word_2,F,voiceless,68.27739943896039,140.05747106494422
S06,word_3,F,voiced,17.068764816633276,123.4807444214139
S06,word_4,F,voiceless,84.13122194896374,113.2918032503073
S06,word_5,F,voiced,23.393357891014297,139.1065899231775
S06,word_6,F,voiceless,88.33843767627889,134.13185453109386
S06,word_7,F,voiced,16.66747338852838,147.36020604122106
S06,word_8,F,voiceless,71.96791536776168,104.76278710782617
S06,word_9,F,voiced,23.53099527415332,131.30978633342312
S06,word_10,F,voiceless,70.35182495090423,150.30042840914004
S06,word_11,F,voiced,20.566809372569892,140.86260701025054
S06,word_12,F,voiceless,70.4249103170576,117.51170761353683
S06,word_13,F,voiced,27.13724166630359,140.9879273015262
S06,word_14,F,voiceless,76.70681214693757,116.92109695004181
S06,word_15,F,voiced,19.006736974655993,123.19903733155311
S06,word_16,F,voiceless,65.66571222304209,147.81301417943615
S06,word_17,F,voiced,16.9788277432033,125.6478203231488
S06,word_18,F,voiceless,71.76777667800901,142.42819217448155
S06,word_19,F,voiced,9.986660633809452,125.63158436831247
S06,word_20,F,voiceless,91.13252666950532,106.3545639287814
S07,word_1,F,voiced,27.4471127214297,117.26776454576617
S07,word_2,F,voiceless,67.3084183953275,113.67220207064207
S07,word_3,F,voiced,29.2062074472243,122.73564143324239
S07,word_4,F,voiceless,81.96871954296711,124.9553318648564
S07,word_5,F,voiced,37.11476656037788,127.69963164007534
S07,word_6,F,voiceless,91.39457079750221,126.35129157137732
S07,word_7,F,voiced,24.326553791888873,158.38303062400166
S07,word_8,F,voiceless,79.57431589553083,109.2100249407187
S07,word_9,F,voiced,30.7890162838414,123.7776354893833
S07,word_10,F,voiceless,86.47114280070892,135.23622292160246
S07,word_11,F,voiced,29.516369798572228,154.4266339872311
S07,word_12,F,voiceless,90.03406732984428,131.32782843570425
S07,word_13,F,voiced,25.19421910519663,148.58726062600846
S07,word_14,F,voiceless,92.91549501475826,105.3316669636944
S07,word_15,F,voiced,34.04310926860186,151.6953478806772
S07,word_16,F,voiceless,74.86936882216689,119.64159742502225
S07,word_17,F,voiced,20.919726438938476,125.85353371819222
S07,word_18,F,voiceless,83.8179495882792,113.35871860150844
S07,word_19,F,voiced,23.759284490052806,132.00803974644177
S07,word_20,F,voiceless,81.28412557977856,156.78008577597328
S08,word_1,F,voiced,19.11795355873569,166.33245032877386
S08,word_2,F,voiceless,37.850694495735205,113.84756646822383
S08,word_3,F,voiced,20.39152063276352,137.28911665604647
S08,word_4,F,voiceless,53.86875037574757,150.82782608116437
S08,word_5,F,voiced,24.00058865994601,127.06514774073185
S08,word_6,F,voiceless,35.88619092650981,126.72737803440684
S08,word_7,F,voiced,21.463232894974762,125.42833068180332
S08,word_8,F,voiceless,47.01157528308157,138.96749086167165
S08,word_9,F,voiced,17.467111462809573,150.96144116223638
S08,word_10,F,voiceless,33.19080163654334,140.31429641859944
S08,word_11,F,voiced,21.61823046159561,134.80282021445453
S08,word_12,F,voiceless,47.221299748376985,125.47195111334109
S08,word_13,F,voiced,23.547803148889003,137.47523028336926
S08,word_14,F,voiceless,35.68869271037559,121.75694623124866
S08,word_15,F,voiced,17.110229361893875,125.81115244544137
S08,word_16,F,voiceless,51.402664352692824,146.447701646676
S08,word_17,F,voiced,18.693768363245784,136.63019632268217
S08,word_18,F,voiceless,50.00666907169847,133.61524441039168
S08,word_19,F,voiced,19.45033660429733,126.16588516966722
S08,word_20,F,voiceless,49.00643080996948,143.96549352227325
S09,word_1,F,voiced,23.18690955010078,150.02368878063209
S09,word_2,F,voiceless,60.03216527503562,116.96092354186837
S09,word_3,F,voiced,36.28009072541856,130.83230431997654
S09,word_4,F,voiceless,82.8262110334193,130.7360036978788
S09,word_5,F,voiced,32.28867627409506,121.32466407458655
S09,word_6,F,voiceless,52.20762107767162,115.01892016005993
S09,word_7,F,voiced,28.515448555914976,129.96350829990098
S09,word_8,F,voiceless,48.983937485305184,139.83267824219453
S09,word_9,F,voiced,30.9078594551861,152.1526341846483
S09,word_10,F,voiceless,59.30286462821467,101.3627081758118
S09,word_11,F,voiced,28.672004450025963,119.46340790031387
S09,word_12,F,voiceless,81.11616234505871,125.32854672982121
S09,word_13,F,voiced,35.6469518287142,105.05264453998936
S09,word_14,F,voiceless,60.20622906724078,118.74199837311565
S09,word_15,F,voiced,35.60788621957454,118.33972361227738
S09,word_16,F,voiceless,57.854168449230755,119.16145450210597
S09,word_17,F,voiced,29.22881311030012,97.16748101279398
S09,word_18,F,voiceless,71.96744960339427,133.2012782542983
S09,word_19,F,voiced,23.999798493053937,120.52115595617752
S09,word_20,F,voiceless,52.545423185446026,152.80736790748244
S10,word_1,F,voiced,20.24647118522366,141.93933924122624
S10,word_2,F,voiceless,79.66882057281465,108.19705652300802
S10,word_3,F,voiced,17.02077896498153,131.4759313150876
S10,word_4,F,voiceless,82.92382335500783,121.0934352365027
S10,word_5,F,voiced,27.02275940254714,143.32421752951774
S10,word_6,F,voiceless,85.14129559275284,130.79605623248
S10,word_7,F,voiced,20.914578171970803,121.64464561233017
S10,word_8,F,voiceless,80.66043738895569,136.5759555425908
S10,word_9,F,voiced,18.369993766892204,132.2891223796363
S10,word_10,F,voiceless,95.90675706773678,127.53073627375653
S10,word_11,F,voiced,19.903010914963545,160.29835932213962
S10,word_12,F,voiceless,97.52297684167542,122.05921170524108
S10,word_13,F,voiced,17.92269625115949,122.93819540523937
S10,word_14,F,voiceless,82.26914096576174,106.81094613973714
S10,word_15,F,voiced,20.061175194966665,129.39209915057234
S10,word_16,F,voiceless,79.54609956072048,143.35534458206013
S10,word_17,F,voiced,22.66516642851384,98.92918223606179
S10,word_18,F,voiceless,85.09000847007054,126.24902319890472
S10,word_19,F,voiced,13.35799586025938,112.27524360020023
S10,word_20,F,voiceless,80.39424302075277,151.6290589752536
